计数项:etc,列标签,,,,,,,,,,,
行标签,0,1,总计,,,,,,,,,
数据组1,28,21,49,,28,21,49,,0.269230769,0.21875,-0.207639365,0.010481795
数据组2,21,29,50,,21,29,50,,0.201923077,0.302083333,0.4028161,0.040346164
数据组3,30,19,49,,30,19,49,,0.288461538,0.197916667,-0.376715695,0.034109674
数据组4,25,27,52,,25,27,52,,0.240384615,0.28125,0.157003749,0.006416019
总计,104,96,200,,104,96,200,,1,1,,0.091353652
